title,kicker,image,link,source,word_count,char_count,capitalized_words,scraped_at,id
Hawaii Senate approves bill to legalize online sports betting and fantasy sports,HEADS BACK TO HOUSE FOR CONCURRENCE,https://imagenesyogonet.b-cdn.net/data/imagenes/2025/03/06/73224/1741271483-legislatura-hawaii.jpg,https://www.yogonet.com/international/news/2025/04/09/100988-hawaii-senate-approves-bill-to-legalize-online-sports-betting-and-fantasy-sports,yogonet.com,12,80,"['Hawaii', 'Senate']",2025-04-10,333961453e7c30cd7dd50d1d4490bb00
Atlantic County reaches $15 million settlement in casino PILOT lawsuit,2021 LEGAL DISPUTE COMES TO AN END,https://imagenesyogonet.b-cdn.net/data/imagenes/2020/08/12/32428/1625355424-vista-atlantic-city-12.jpg,https://www.yogonet.com/international/news/2025/04/09/100990-atlantic-county-reaches-15-million-settlement-in-casino-pilot-lawsuit,yogonet.com,10,70,"['Atlantic', 'County']",2025-04-10,0feffe8f5017a3968f63aa32a0a9fc1a
"First day of BiS SiGMA Americas highlights new betting legal framework, optimism for the sector's future",EVENT CONTINUES THIS WEDNESDAY,https://imagenesyogonet.b-cdn.net/data/imagenes/2025/04/09/74418/1744207271-bis-sigma-2025-3-04-pasillo-generica.jpg,https://www.yogonet.com/international/news/2025/04/09/100998-first-day-of-bis-sigma-americas-highlights-new-betting-legal-framework-optimism-for-the-sector-39s-future,yogonet.com,16,104,"['First', 'Americas']",2025-04-10,25f0658a1add43abc2d580257801e915
Oklahoma sports betting bill pulled from agenda hours before key vote in state legislature,MOBILE WAGERING PLAN DELAYED AGAIN,https://imagenesyogonet.b-cdn.net/data/imagenes/2025/01/06/71221/1736186263-capitolio-oklahoma-02.jpg,https://www.yogonet.com/international/news/2025/04/08/100898-oklahoma-sports-betting-bill-pulled-from-agenda-hours-before-key-vote-in-state-legislature,yogonet.com,14,90,['Oklahoma'],2025-04-10,3d21e901e29bd8ab38b199e1bb91bd3c
MGM Resorts eyeing Las Vegas revenue boost from fee increases,INCREASED PARKING FEES AND ATM CHARGES,https://imagenesyogonet.b-cdn.net/data/imagenes/2021/09/21/39299/1633371931-mgm-grand-hotel-casino-vegas-05.jpg,https://www.yogonet.com/international/news/2025/04/08/100873-mgm-resorts-eyeing-las-vegas-revenue-boost-from-fee-increases,yogonet.com,10,61,"['Resorts', 'Las', 'Vegas']",2025-04-10,7c0cf81ab59d26b9a3060049d8272f59
PENN Entertainment launches stand-alone online casino app theScore Casino in Ontario,AVAILABLE ON ANDROID AND IOS,https://imagenesyogonet.b-cdn.net/data/imagenes/2025/04/08/74362/1744135959-penn-entertainment-thescore-ontario.jpg,https://www.yogonet.com/international/news/2025/04/09/100902-penn-entertainment-launches-standalone-online-casino-app-thescore-casino-in-ontario,yogonet.com,11,84,"['Entertainment', 'Casino', 'Ontario']",2025-04-10,c86e18d87fc7797dbd50a8548713d888
Brazil establishes oversight team to monitor sports betting platforms for legal compliance,PUBLISHED ON 7 APRIL,https://imagenesyogonet.b-cdn.net/data/imagenes/2024/04/02/63048/1712068638-brazil-keyboard-flag.jpg,https://www.yogonet.com/international/news/2025/04/09/100909-brazil-establishes-oversight-team-to-monitor-sports-betting-platforms-for-legal-compliance,yogonet.com,12,90,['Brazil'],2025-04-10,c9111957070519ce024d05ef494225a7
Rivalry announces evaluation of strategic alternatives with XST Capital Group,TO MAXIMIZE STAKEHOLDER VALUE,https://imagenesyogonet.b-cdn.net/data/imagenes/2023/05/31/54947/1685540507-rivalry-esports-betting-app-ontario.jpg,https://www.yogonet.com/international/news/2025/04/08/100886-rivalry-announces-evaluation-of-strategic-alternatives-with-xst-capital-group,yogonet.com,10,77,"['Rivalry', 'Capital', 'Group']",2025-04-10,33c697573f0fadcb63a7a67f6f2d648a
Las Vegas’ The Strat adds more player-friendly games to casino offering,MORE 3:2 BLACKJACK TABLES,https://imagenesyogonet.b-cdn.net/data/imagenes/2022/08/08/48011/1659969354-the-strat-las-vegas.jpg,https://www.yogonet.com/international/news/2025/04/08/100872-las-vegas-the-strat-adds-moreplayerfriendly-games-to-casino-offering,yogonet.com,11,71,"['Las', 'Vegas’', 'The', 'Strat']",2025-04-10,6dc2296149ad7e8eec8a656f768a26ed
BMM Testlabs promotes company veteran Daniel Magarinos to Senior Director of Gaming – Latam,WITH THE COMPANY SINCE 2018,https://imagenesyogonet.b-cdn.net/data/imagenes/2025/04/08/74355/1744123432-bmm-testlabs-promotes-daniel-magari%C3%B1os-senior-director-gaming-latam.jpg,https://www.yogonet.com/international/news/2025/04/09/100890-bmm-testlabs-promotes-company-veteran-daniel-magarinos-to-senior-director-of-gaming--latam,yogonet.com,14,91,"['Testlabs', 'Daniel', 'Magarinos', 'Senior', 'Director', 'Gaming', 'Latam']",2025-04-10,3f6225bdd43adf231b9e281c6278faf1
Louisiana bill targeting social casinos sparks backlash from sweepstakes gaming operators,SENATE BILL 181,https://imagenesyogonet.b-cdn.net/data/imagenes/2020/05/06/31160/1625350382-legislatura-louisiana-state-capitol-building-usa.jpg,https://www.yogonet.com/international/news/2025/04/08/100883-louisiana-bill-targeting-social-casinos-sparks-backlash-from-sweepstakes-gaming-operators,yogonet.com,11,89,['Louisiana'],2025-04-10,7d9fc0614b5ab59079f3066b8e3422d6
Illinois bill seeks to classify compulsive gambling as substance abuse disorder,TO EXPAND RESOURCES FOR TREATMENT,https://imagenesyogonet.b-cdn.net/data/imagenes/2019/05/10/25284/1625326804-legislatura-illinois-state-capitol-usa.jpg,https://www.yogonet.com/international/news/2025/04/08/100879-illinois-bill-seeks-to-classify-compulsive-gambling-as-substance-abuse-disorder,yogonet.com,11,79,['Illinois'],2025-04-10,d7dab5b77e7cb678da8e0cbe66821888
Novomatic successfully hosted its exclusive Novomatic Experience event in Argentina,"TOOK PLACE ON MARCH 19, BUENOS AIRES",https://imagenesyogonet.b-cdn.net/data/imagenes/2025/04/08/74359/1744135907-novomatic-experiencia-sagse-latam-2025-04.jpg,https://www.yogonet.com/international/news/2025/04/09/100901-novomatic-successfully-hosted-its-exclusive-novomatic-experience-event-in-argentina,yogonet.com,10,83,"['Novomatic', 'Novomatic', 'Experience', 'Argentina']",2025-04-10,6703529a11425c47a52e8d1e3fb3b577
Atlantic City's Ocean Casino partners with restauranteur Stephen Starr to launch two new eateries,TO OPEN THIS SUMMER,https://imagenesyogonet.b-cdn.net/data/imagenes/2025/04/07/74341/1744045031-stephen-starr-starr-restaurants.jpg,https://www.yogonet.com/international/news/2025/04/08/100787-atlantic-city-39s-ocean-casino-partners-with-restauranteur-stephen-starr-to-launch-two-new-eateries,yogonet.com,14,97,"['Atlantic', 'Ocean', 'Casino', 'Stephen', 'Starr']",2025-04-10,20a9cbd08c724aa3f805230d39e30830
MARE BALTICUM Gaming & TECH Summit 2025's previews new format with feature multi-room setup,"MAY 27 - 28, VILNIUS",https://imagenesyogonet.b-cdn.net/data/imagenes/2025/04/07/74333/1744039730-mare-balticum-gaming-tech-summit-generica.jpg,https://www.yogonet.com/international/news/2025/04/08/100779-mare-balticum-gaming-tech-summit-2025-39s-previews-new-format-with-feature-multiroom-setup,yogonet.com,14,91,"['Gaming', 'Summit']",2025-04-10,3e1ae429b829c2d8398eb4f85df8882c
Gaming in Spain Conference confirms DGOJ's Mikel Arana as keynote speaker,"JUNE 26, MADRID",https://imagenesyogonet.b-cdn.net/data/imagenes/2025/04/09/74375/1744202315-gaming-in-spain-2025-madrid.jpg,https://www.yogonet.com/international/news/2025/04/09/100984-gaming-in-spain-conference-confirms-dgoj-39s-mikel-arana-as-keynote-speaker,yogonet.com,11,73,"['Gaming', 'Spain', 'Conference', 'Mikel', 'Arana']",2025-04-10,4f23a9c55e801dd04ace8256d7b1aeef
"In the coming years, Argentina will be one of EGT’s main focuses within the LATAM region","CHRISTIAN GRAFFIGNA, DIRECTOR OF EGT ARGENTINA",https://imagenesyogonet.b-cdn.net/data/imagenes/2025/04/09/74460/1744209125-christian-graffigna-director-egt-argentina.jpg,https://www.yogonet.com/international/news/2025/04/09/101004--34in-the-coming-years-argentina-will-be-one-of-egts-main-focuses-within-the-latam-region-34,yogonet.com,16,88,"['In', 'Argentina']",2025-04-10,6d5fbaabe4eef2b1d1537c44597c3283
Thailand postpones casino legalization debate following coalition government talks,CASINO BILL VOTE DELAYED,https://imagenesyogonet.b-cdn.net/data/imagenes/2024/08/20/67073/1724168845-paetongtarn-shinawatra-primera-ministro-tailandia.jpg,https://www.yogonet.com/international/news/2025/04/08/100889-thailand-postpones-casino-legalization-debate-following-coalition-government-talks,yogonet.com,9,82,['Thailand'],2025-04-10,0a0e63b5053d5cb63882133b0012fa3e
Cyprus parliament approves casino exemption from cash transaction limit despite money laundering concerns,CRITICS WARN OF POTENTIAL EU BACKLASH,https://imagenesyogonet.b-cdn.net/data/imagenes/2024/11/27/70392/1732716595-apuestas-juego-casino-generica-04.jpg,https://www.yogonet.com/international/news/2025/04/08/100793-cyprus-parliament-approves-casino-exemption-from-cash-transaction-limit-despite-money-laundering-concerns,yogonet.com,13,105,['Cyprus'],2025-04-10,334f2738f66c3301af9b8db62529a3a6
Gainr Group announces launch of new sports betting syndicate,ADMINISTERED BY SUNTERA GLOBAL,https://imagenesyogonet.b-cdn.net/data/imagenes/2025/04/08/74350/1744116714-theo-koumis-ceo-founder-gainr-01.jpg,https://www.yogonet.com/international/news/2025/04/09/100874-gainr-group-announces-launch-of-new-sports-betting-syndicate,yogonet.com,9,60,"['Gainr', 'Group']",2025-04-10,85bdab451ce4ef7a6860b5d09d5bc9e2
AC Milan teams up with Brazilian betting operator Reals for regional partnership in Latin America,TO INCREASE AC MILAN'S BRAND VISIBILITY,https://imagenesyogonet.b-cdn.net/data/imagenes/2025/04/04/74285/1743771931-reals-sponsor-milan-02.jpg,https://www.yogonet.com/international/news/2025/04/09/100794-ac-milan-teams-up-with-brazilian-betting-operator-reals-for-regional-partnership-in-latin-america,yogonet.com,15,97,"['Milan', 'Brazilian', 'Reals', 'Latin', 'America']",2025-04-10,a89c6324795914ed803b36eed9f09a17
"Atlantic City casino profits drop 9.3% to $675.1 million in 2024 amid rising costs, sluggish demand","CAESARS, HARD ROCK POST PROFIT GAINS",https://imagenesyogonet.b-cdn.net/data/imagenes/2022/11/18/50654/1668799999-vista-atlantic-city-casinos.jpg,https://www.yogonet.com/international/news/2025/04/08/100875-atlantic-city-casino-profits-drop-93-to-6751-million-in-2024-amid-rising-costs-sluggish-demand,yogonet.com,16,99,"['Atlantic', 'City']",2025-04-10,ca5f5accd56610005738951b6f1bc2b7
"Nebraska: New tariffs drive up costs, threaten War Horse Casino’s expansion plans",ACCORDING TO HO-CHUNK INC. CEO,https://imagenesyogonet.b-cdn.net/data/imagenes/2023/01/09/51508/1673270339-lance-morgan-ceo-ho-chunk-02.jpg,https://www.yogonet.com/international/news/2025/04/07/100766-nebraska-new-tariffs-drive-up-costs-threaten-war-horse-casinos-expansion-plans,yogonet.com,12,81,"['Nebraska:', 'New', 'War', 'Horse']",2025-04-10,9e2c95298bce390bfebaa9f8da38ef4c
UK and Ireland gambling regulators sign MoU to strengthen cross-border cooperation,UKGC AND GRAI,https://imagenesyogonet.b-cdn.net/data/imagenes/2025/02/26/72945/1740593786-juego-online-generica-23.jpg,https://www.yogonet.com/international/news/2025/04/07/100761-uk-and-ireland-gambling-regulators-sign-mou-to-strengthen-crossborder-cooperation,yogonet.com,11,82,['Ireland'],2025-04-10,107f47883142035e91682df06e69f087
French regulator greenlights gambling industry's harm reduction plans,AMID CALLS FOR STRICTER MEASURES,https://imagenesyogonet.b-cdn.net/data/imagenes/2022/10/28/50179/1666966393-vista-paris-francia.jpg,https://www.yogonet.com/international/news/2025/04/08/100869-french-regulator-greenlights-gambling-industry-39s-harm-reduction-plans,yogonet.com,8,69,['French'],2025-04-10,1ba28774dcf0129cd47e8af3d4472856
Baltimore sues DraftKings and FanDuel over alleged predatory gambling practices,ACCUSES THEM OF EXPLOITING VULNERABLE USERS,https://imagenesyogonet.b-cdn.net/data/imagenes/2020/03/04/30552/1625347924-draftkings-fanduel-fantasy-football-sports-03.jpg,https://www.yogonet.com/international/news/2025/04/07/100778-baltimore-sues-draftkings-and-fanduel-over-alleged-predatory-gambling-practices,yogonet.com,10,79,['Baltimore'],2025-04-10,fc264922f4b6a8af3fdfa1ca1c3f34ef
BiS SiGMA Americas 2025 kicks off with focus on online betting regulation in Brazil,EVENT RUNS UNTIL APRIL 10,https://imagenesyogonet.b-cdn.net/data/imagenes/2024/04/26/63826/1714147652-bis-sigma-americas-2024-63-pasillo-generica.jpg,https://www.yogonet.com/international/news/2025/04/08/100767-bis-sigma-americas-2025-kicks-off-with-focus-on-online-betting-regulation-in-brazil,yogonet.com,14,83,"['Americas', 'Brazil']",2025-04-10,263ee1ddc3825ca781f1d3de49e649ef
SBC Summit Americas to feature Affiliate Leaders Summit for affiliate marketers in North and Latin America,"MAY 13-15, FLORIDA",https://imagenesyogonet.b-cdn.net/data/imagenes/2025/04/07/74329/1744032943-sbc-summit-americas-2025-affiliate-leaders-summit.jpg,https://www.yogonet.com/international/news/2025/04/08/100772-sbc-summit-americas-to-feature-affiliate-leaders-summit-for-affiliate-marketers-in-north-and-latin-america,yogonet.com,16,106,"['Summit', 'Americas', 'Affiliate', 'Leaders', 'Summit', 'North', 'Latin', 'America']",2025-04-10,b54afc3d37d931a4b1c05b028b3e1e76
How seamless onboarding can turbocharge your conversion rates,UPLATFORM ANALYSIS,https://imagenesyogonet.b-cdn.net/data/imagenes/2025/04/04/74291/1743774320-uplatform-why-onboarding-is-the-real-mvp-01.jpg,https://www.yogonet.com/international/news/2025/04/07/100464-how-seamless-onboarding-can-turbocharge-your-conversion-rates,yogonet.com,8,61,['How'],2025-04-10,e58d3a411490bf882eeaebaca2ae957a
"PENN partners with MLB Players Association for rights to MLB player names, images and likenesses",FOR ESPN BET AND THESCORE BET,https://imagenesyogonet.b-cdn.net/data/imagenes/2015/11/11/6243/1625187605-major-league-baseball-mlb-generica-01.jpg,https://www.yogonet.com/international/news/2025/04/08/100770-penn-partners-with-mlb-players-association-for-rights-to-mlb-player-names-images-and-likenesses,yogonet.com,15,96,"['Players', 'Association']",2025-04-10,15666cd8851aacb7c44b03fe6d201614
Massachusetts lawmakers push for stricter sports betting rules as addiction concerns grow,"TO CURB AGGRESSIVE MARKETING, BAN PROP BETS",https://imagenesyogonet.b-cdn.net/data/imagenes/2025/01/21/71727/1737467674-john-keenan-senador-massachusetts.jpg,https://www.yogonet.com/international/news/2025/04/08/100878-massachusetts-lawmakers-push-for-stricter-sports-betting-rules-as-addiction-concerns-grow,yogonet.com,12,89,['Massachusetts'],2025-04-10,449956f91b8b47f92104f46046ebfd79
"Oddsgate: ""There’s a fundamental shift happening across LatAm, and we’re glad to be in the momentum","LUSIA BARSEGHYAN, CO-FOUNDER AND COO",https://imagenesyogonet.b-cdn.net/data/imagenes/2025/04/08/74354/1744123310-lusia-barseghyan-co-founder-coo-oddsgate-01.jpg,https://www.yogonet.com/international/news/2025/04/08/100882-oddsgate-34theres-a-fundamental-shift-happening-across-latam-and-were-glad-to-be-in-the-momentum-34,yogonet.com,16,99,['Oddsgate:'],2025-04-10,9b7be8192a17b46afa109e98d36b8cdd
"Alabama lawmakers reject gambling bill, sponsor declares issue dead for decades","AMID ""MORE PRESSING MATTERS",https://imagenesyogonet.b-cdn.net/data/imagenes/2024/04/02/63050/1712070932-alabama-lawmakers-house.jpg,https://www.yogonet.com/international/news/2025/04/07/100790-alabama-lawmakers-reject-gambling-bill-sponsor-declares-issue-dead-for-decades,yogonet.com,11,79,['Alabama'],2025-04-10,f07a07ab1a9de8acd6e2d5bf3471102a
Macau casino stocks tumble as U.S.-China trade tensions escalate,HANG SENG PLUNGES 13%,https://imagenesyogonet.b-cdn.net/data/imagenes/2018/10/31/22078/1625250962-caida-ingresos-casinos-generica.jpg,https://www.yogonet.com/international/news/2025/04/07/100780-macau-casino-stocks-tumble-as-uschina-trade-tensions-escalate,yogonet.com,9,64,"['Macau', 'U.S.-China']",2025-04-10,3076dc54239ee793e5d11a2a158418df
Tilman Fertitta boosts stake in Wynn Resorts amid market downturn,SECOND STOP ALONG THE STRIP,https://imagenesyogonet.b-cdn.net/data/imagenes/2022/04/05/44520/1649168388-tilman-fertitta-golden-nugget-casino-04.jpg,https://www.yogonet.com/international/news/2025/04/09/101000-tilman-fertitta-boosts-stake-in-wynn-resorts-amid-market-downturn,yogonet.com,10,65,"['Tilman', 'Fertitta', 'Wynn', 'Resorts']",2025-04-10,fc6946bf6e7346962e2ed7ac028d23a9
Clarity Game Nevada completes acquisition of Stockman's Casino in Fallon,TOTAL STAKE REACHES 13 MILLION SHARES,https://imagenesyogonet.b-cdn.net/data/imagenes/2018/08/23/20641/1625245205-stockmans-casino-fallon-nevada.jpg,https://www.yogonet.com/international/news/2025/04/09/101010-clarity-game-nevada-completes-acquisition-of-stockman-39s-casino-in-fallon,yogonet.com,10,72,"['Clarity', 'Game', 'Nevada', 'Casino', 'Fallon']",2025-04-10,a71d03bf38bfa7b1715b1ba4afc7f822
SOFTSWISS Sportsbook introduces Player Chat feature to drive user engagement,TO INSTALL NEW SLOT MACHINES,https://imagenesyogonet.b-cdn.net/data/imagenes/2025/04/07/74314/1744026890-sofswiss-boosting-engagement-player-chat.jpg,https://www.yogonet.com/international/news/2025/04/08/100754-softswiss-sportsbook-introduces-player-chat-feature-to-drive-user-engagement,yogonet.com,10,76,"['Sportsbook', 'Player', 'Chat']",2025-04-10,fa1e5bc1ce68c8e3054ad7f95d668d23
BMM Testlabs to open product testing lab in São Paulo in support of Brazil's expanding gaming market,WITH THE COMPANY SINCE 2018,https://imagenesyogonet.b-cdn.net/data/imagenes/2025/04/07/74335/1744040941-bmm-test-labs-marzia-turrini-president-igaming-cybersecurity-quote-sao-paulo-brazil.jpg,https://www.yogonet.com/international/news/2025/04/08/100783-bmm-testlabs-to-open-product-testing-lab-in-sao-paulo-in-support-of-brazil-39s-expanding-gaming-market,yogonet.com,17,101,"['Testlabs', 'Paulo']",2025-04-10,c18d5e0fb48efbcc718e0ca13f233324
Thailand's deputy PM says casinos could offset trade losses from U.S. tariffs,TRUMP SETS 36% TARIFFS ON THAI EXPORTS,https://imagenesyogonet.b-cdn.net/data/imagenes/2022/07/01/47157/1656683069-vista-bangkok-tailandia-02.jpg,https://www.yogonet.com/international/news/2025/04/09/100903-thailand-39s-deputy-pm-says-casinos-could-offset-trade-losses-from-us-tariffs,yogonet.com,12,77,['U.S.'],2025-04-10,1ea7e278ee7afc29f947cd54bd6ac1f6
New Vegas Loop station opens at Encore Las Vegas,SECOND STOP ALONG THE STRIP,https://imagenesyogonet.b-cdn.net/data/imagenes/2025/04/09/74470/1744209958-boring-company-vegas-loop.jpg,https://www.yogonet.com/international/news/2025/04/09/100999-new-vegas-loop-station-opens-at-encore-las-vegas,yogonet.com,9,48,"['New', 'Vegas', 'Loop', 'Encore', 'Las', 'Vegas']",2025-04-10,a19532e99b50a53fa2cc3f14fde41325
California's Hard Rock Tejon hosts community sessions in Kern County ahead of grand opening,FIRST SESSION ON APRIL 4,https://imagenesyogonet.b-cdn.net/data/imagenes/2022/06/14/46364/1655209662-render-hard-rock-hotel-casino-tejon.jpg,https://www.yogonet.com/international/news/2025/04/08/100765-california-39s-hard-rock-tejon-hosts-community-sessions-in-kern-county-ahead-of-grand-opening,yogonet.com,14,91,"['Hard', 'Rock', 'Tejon', 'Kern', 'County']",2025-04-10,885b6f28f5059d1d4398b3fbe560a29e
"Richmond buys former casino site for $5.5 million, plans park and development",96-ACRE PROPERTY,https://imagenesyogonet.b-cdn.net/data/imagenes/2023/11/08/59434/1699449758-virginia-richmond-ballot-vote.jpg,https://www.yogonet.com/international/news/2025/04/07/100468-richmond-buys-former-casino-site-for-55-million-plans-park-and-development,yogonet.com,12,77,['Richmond'],2025-04-10,7844015a4633e5093ef8e055e27f5746
"Kentucky records $218.9M in online sports betting handle for February, up 14.3% year-over-year","DRAFTKINGS LEADS IN WAGERS, REVENUE",https://imagenesyogonet.b-cdn.net/data/imagenes/2024/08/14/66933/1723646376-draftkings-mobile-generica-03.jpg,https://www.yogonet.com/international/news/2025/04/09/100906-kentucky-records-2189m-in-online-sports-betting-handle-for-february-up-143-yearoveryear,yogonet.com,13,94,"['Kentucky', '$218.9M', 'February,']",2025-04-10,0a3d635e64691a1e4e6f689342c0fd35
"California tribes deny sports betting deal with DraftKings, FanDuel amid renewed debate",BREACH IN CLOSE DOOR DISCUSSION DRAWS BACKLASH,https://imagenesyogonet.b-cdn.net/data/imagenes/2019/06/13/26001/1625329682-apuestas-deportivas-generica-24.jpg,https://www.yogonet.com/international/news/2025/04/04/100459-california-tribes-deny-sports-betting-deal-with-draftkings-fanduel-amid-renewed-debate,yogonet.com,12,87,['California'],2025-04-10,f54e0b72ba43c0bc88735fac284c7480
Hong Kong proposes legalizing basketball betting in effort to tackle black market,ABOUT $11.5B IN ILLEGAL BETTING IN 2024,https://imagenesyogonet.b-cdn.net/data/imagenes/2018/10/31/22058/1625250901-nba-jugadores-03.jpg,https://www.yogonet.com/international/news/2025/04/04/100482-hong-kong-proposes-legalizing-basketball-betting-in-effort-to-tackle-black-market,yogonet.com,12,81,"['Hong', 'Kong']",2025-04-10,9747f83f5fcbc5670aab64cae2f8b2c2
Virginia sports betting revenue jumps 39% in February despite shorter month,STATE COLLECTS $9.3M IN TAX REVENUE,https://imagenesyogonet.b-cdn.net/data/imagenes/2023/03/16/53000/1678980947-apuestas-deportivas-generica-29.jpg,https://www.yogonet.com/international/news/2025/04/03/100343-virginia-sports-betting-revenue-jumps-39-in-february-despite-shorter-month,yogonet.com,11,75,"['Virginia', 'February']",2025-04-10,7d10bdbac52be647be149587c0cedcca
Colombia’s online gaming sector sees sharp revenue decline following new VAT on deposits,"CHRISTIAN GRAFFIGNA, DIRECTOR OF EGT ARGENTINA",https://imagenesyogonet.b-cdn.net/data/imagenes/2023/01/20/51739/1674219374-apuestas-deportivas-online-colombia-generica.jpg,https://www.yogonet.com/international/news/2025/04/09/101007-colombias-online-gaming-sector-sees-sharp-revenue-decline-following-new-vat-on-deposits,yogonet.com,13,88,[],2025-04-10,06a118e6f94e4f981c030e994d70ccf4
Breaking stereotypes: The rise of female players,UPLATFORM ANALYSIS,https://imagenesyogonet.b-cdn.net/data/imagenes/2025/03/10/73325/1741630120-uplatform-the-rise-of-female-players.jpg,https://www.yogonet.com/international/news/2025/03/11/97734-breaking-stereotypes-the-rise-of-female-players,yogonet.com,7,48,"['Breaking', 'The']",2025-04-10,68179c30d436c38be7ddf22fb57e3475
UK online gambling revenue surges 21% in Q3 to $1.91 billion,GGR DROPS BY 30%,https://imagenesyogonet.b-cdn.net/data/imagenes/2022/09/21/49113/1663774137-ukgc-generica-05-gambling-commission.jpg,https://www.yogonet.com/international/news/2025/02/10/94647-uk-online-gambling-revenue-surges-21-in-q3-to-191-billion,yogonet.com,11,60,['Q3'],2025-04-10,0b5369ebc7657793a24b782c5a475ca1
"Denmark’s gambling revenue rises to $1.02 billion in 2024, driven by online casino growth",GGR DROPS BY 30%,https://imagenesyogonet.b-cdn.net/data/imagenes/2023/08/30/57186/1693401909-spillemyndigheden-danish-gambling-authority.jpg,https://www.yogonet.com/international/news/2025/02/17/95424-denmarks-gambling-revenue-rises-to-102-billion-in-2024-driven-by-online-casino-growth,yogonet.com,14,89,[],2025-04-10,a1725c77a10a2d0cedac364571850e39
Montana lawmaker introduces bill to strengthen online gambling enforcement,SENATE BILL 555,https://imagenesyogonet.b-cdn.net/data/imagenes/2025/04/08/74363/1744136050-capitolio-montana.jpg,https://www.yogonet.com/international/news/2025/04/09/100893-montana-lawmaker-introduces-bill-to-strengthen-online-gambling-enforcement,yogonet.com,9,74,['Montana'],2025-04-10,6f6b89550254148bb54e80ced9ed6c0a
North Cyprus bill would allow Turkish Cypriots into casinos for the first time,ECONOMIC CONCERNS RAISED,https://imagenesyogonet.b-cdn.net/data/imagenes/2025/02/17/72613/1739799970-casino-maquina-generica.jpg,https://www.yogonet.com/international/news/2025/04/09/100774-north-cyprus-bill-would-allow-turkish-cypriots-into-casinos-for-the-first-time,yogonet.com,13,78,"['North', 'Cyprus', 'Turkish', 'Cypriots']",2025-04-10,7d4b71baea2dc1bbccf1ec45b4035155
"Efforts to legalize mobile sports betting, ban sweepstakes casinos in Mississippi stall for second consecutive year",PANEL WAS UNABLE TO REACH COMPROMISE,https://imagenesyogonet.b-cdn.net/data/imagenes/2021/02/04/34933/1625365444-missouri-capitolio-legislatura.jpg,https://www.yogonet.com/international/news/2025/04/07/100786-efforts-to-legalize-mobile-sports-betting-ban-sweepstakes-casinos-in-mississippi-stall-for-second-consecutive-year,yogonet.com,16,115,"['Efforts', 'Mississippi']",2025-04-10,58c76310bbd97b9e817a850eaf6472fa
Ghana President signs law to abolish betting tax,SEEKS TO EASE FINANCIAL BURDEN,https://imagenesyogonet.b-cdn.net/data/imagenes/2025/04/04/74274/1743726553-john-dramani-mahama-presidente-ghana.jpg,https://www.yogonet.com/international/news/2025/04/04/100340-ghana-president-signs-law-to-abolish-betting-tax,yogonet.com,8,48,"['Ghana', 'President']",2025-04-10,ae0c2ac68533e5b692dc37b860f4197f
"Victor Arias: ""In different aspects and proportions, everyone has had to adapt to the new Brazil market reality",VP OF OPERATIONS LATAM IN ARRISE POWERING PRAGMATIC PLAY,https://imagenesyogonet.b-cdn.net/data/imagenes/2025/02/28/73089/1740751085-sbc-summit-rio-2025-1-26-victor-arias-pragmatic-play.jpg,https://www.yogonet.com/international/news/2025/04/04/100461-victor-arias-34in-different-aspects-and-proportions-everyone-has-had-to-adapt-to-the-new-brazil-market-reality-34,yogonet.com,18,111,"['Victor', 'Arias:', '""In', 'Brazil']",2025-04-10,93b4007711e5c53d74ff2e310a634cd8
"Aristocrat Interactive: ""Our solutions help operators stay on top of player needs by providing access to real-time, accurate data","KRISTEN JONES, GAMING SYSTEMS VP OF SALES",https://imagenesyogonet.b-cdn.net/data/imagenes/2025/03/31/74163/1743446896-kristen-jones-vp-sales-gaming-systems-aristocrat-interactive.jpg,https://www.yogonet.com/international/news/2025/04/01/100032-aristocrat-interactive-34our-solutions-help-operators-stay-on-top-of-player-needs-by-providing-access-to-realtime-accurate-data-34,yogonet.com,19,129,"['Aristocrat', 'Interactive:', '""Our']",2025-04-10,9d77d49647c779a0d16337f2144dcc44
At SBC Summit Rio 2025 we doubled the number of companies and visitors present last year,"CRISTIAN ROBALINO, SBC VP OF MARKETING FOR THE AMERICAS",https://imagenesyogonet.b-cdn.net/data/imagenes/2025/02/28/73090/1740751086-sbc-summit-rio-2025-1-25-cristian-robalino-sbc.jpg,https://www.yogonet.com/international/news/2025/03/03/96685--34at-sbc-summit-rio-2025-we-doubled-the-number-of-companies-and-visitors-present-last-year-34,yogonet.com,16,88,"['At', 'Summit', 'Rio']",2025-04-10,f7d7be4347de290438ca1334c9b997ea
Atlaslive expands presence in Brazil and prepares to launch new Sportsbook feature,"INTERVIEW WITH NELLI MELIK, CSO",https://imagenesyogonet.b-cdn.net/data/imagenes/2025/02/14/72586/1739542661-nelli-melik-cso-atlaslive-eng.jpg,https://www.yogonet.com/international/news/2025/02/14/95114-atlaslive-expands-presence-in-brazil-and-prepares-to-launch-new-sportsbook-feature,yogonet.com,12,82,"['Atlaslive', 'Brazil', 'Sportsbook']",2025-04-10,cd8baadbc02b29d74a14b775feb3ecdf
Canadian Gaming Summit 2025 heads to Toronto with industry-shaping agenda,EVENT CONTINUES THIS WEDNESDAY,https://imagenesyogonet.b-cdn.net/data/imagenes/2025/04/07/74332/1744039601-cgs-canadian-gaming-summit-2025.jpg,https://www.yogonet.com/international/news/2025/04/08/100771-canadian-gaming-summit-2025-heads-to-toronto-with-industryshaping-agenda,yogonet.com,10,73,"['Canadian', 'Gaming', 'Summit', 'Toronto']",2025-04-10,1b8c21f6645296a3ec7432001477ceb6
Casino Guru Awards 2025: Public voting continues for the Voice of the People category,"JUNE 26, MADRID",https://imagenesyogonet.b-cdn.net/data/imagenes/2025/04/04/74289/1743773094-casino-guru-awards-2025-public-voting-continues.jpg,https://www.yogonet.com/international/news/2025/04/04/100455-casino-guru-awards-2025-public-voting-continues-for-the-voice-of-the-people-category,yogonet.com,14,85,"['Casino', 'Guru', 'Awards', 'Public', 'Voice', 'People']",2025-04-10,3418ff72624d9eab0500265a0982a1a2
"East Coast Gaming Congress to feature NJ Governor, lineup of industry leaders",EVENT CONTINUES THIS WEDNESDAY,https://imagenesyogonet.b-cdn.net/data/imagenes/2022/09/23/49180/1663940373-phil-murphy-gobernador-new-jersey-east-coast-gaming-congress.jpg,https://www.yogonet.com/international/news/2025/04/03/100255-east-coast-gaming-congress-to-feature-nj-governor-lineup-of-industry-leaders,yogonet.com,12,77,"['East', 'Coast', 'Gaming', 'Congress', 'Governor,']",2025-04-10,eb39f192d1d04468322977ec1b814963
SBC Summit Americas to host EDM star Steve Aoki at INFINITY Florida closing party,"MAY 13-15, FLORIDA",https://imagenesyogonet.b-cdn.net/data/imagenes/2025/03/31/74165/1743446996-sbc-summit-americas-2025-steve-aoki-eng.jpg,https://www.yogonet.com/international/news/2025/04/02/100119-sbc-summit-americas-to-host-edm-star-steve-aoki-at-infinity-florida-closing-party,yogonet.com,14,81,"['Summit', 'Americas', 'Steve', 'Aoki', 'Florida']",2025-04-10,d8a7a292b992027b9310d394a08387e9
"Kambi’s Abios delivering esports odds feed, betting solution to new UK-based operator Dragoni",AIMS TO INCREASE BETTING ACTIVITY,https://imagenesyogonet.b-cdn.net/data/imagenes/2023/08/04/56647/1691169413-oskar-froberg-fundador-abios.jpg,https://www.yogonet.com/international/news/2023/08/07/68205-kambis-abios-delivering-esports-odds-feed-betting-solution-to-new-ukbased-operator-dragoni,yogonet.com,13,93,"['Abios', 'Dragoni']",2025-04-10,32b3d45f6f72963de740923d6dbd9726
Brazil opens public consultation on eSports regulation to boost transparency,TARGETING FURTHER GROWTH IN 2023,https://imagenesyogonet.b-cdn.net/data/imagenes/2024/09/02/67393/1725280687-giovanni-rocco-neto-secretario-apuestas-deportivas-brasil.jpg,https://www.yogonet.com/international/news/2025/02/20/95678-brazil-opens-public-consultation-on-esports-regulation-to-boost-transparency,yogonet.com,10,76,['Brazil'],2025-04-10,bf36c465c5d97124a1832ab5fbcaf17e
"EU Parliament passes resolution to support video gaming, safeguard esports from illegal gambling and match-fixing","JUNE 26, MADRID",https://imagenesyogonet.b-cdn.net/data/imagenes/2018/10/24/21923/1625250361-esports-generica-07.jpg,https://www.yogonet.com/international/news/2022/11/16/65058-eu-parliament-passes-resolution-to-support-video-gaming--safeguard-esports-from-illegal-gambling-and-matchfixing,yogonet.com,15,113,['Parliament'],2025-04-10,bce27c7acb1a5061e853a8ccf4657577
Rivalry goes live with esports betting mobile app in Ontario,FROM JUNE 17 TO 19,https://imagenesyogonet.b-cdn.net/data/imagenes/2023/05/31/54947/1685540507-rivalry-esports-betting-app-ontario.jpg,https://www.yogonet.com/international/news/2023/05/31/67353-rivalry-goes-live-with-esports-betting-mobile-app-in-ontario,yogonet.com,10,60,"['Rivalry', 'Ontario']",2025-04-10,b768aa5d17684c4adfdf8471ec3558b4
"DATA.BET unveils enhanced Single Page Application with increased speed, customization options",MORE FLEXIBLE AND EFFICIENT,https://imagenesyogonet.b-cdn.net/data/imagenes/2025/04/04/74309/1743786600-data-bet-enhanced-single-page-application-2025.jpg,https://www.yogonet.com/international/news/2025/04/07/100477-databet-unveils-enhanced-single-page-application-with-increased-speed-customization-options,yogonet.com,11,93,"['Single', 'Page', 'Application']",2025-04-10,ebe0c2836a73b14394c57868cb2eec5b
Nevada: Boyd Gaming breaks ground on Cadence Crossing Casino in Henderson,NEW PROJECT TO REPLACE JOKER’S WILD,https://imagenesyogonet.b-cdn.net/data/imagenes/2025/04/04/74276/1743768010-boyd-gaming-groundbreaking-cadence-crossing-casino-henderson.jpg,https://www.yogonet.com/international/news/2025/04/04/100452-nevada-boyd-gaming-breaks-ground-on-cadence-crossing-casino-in-henderson,yogonet.com,11,73,"['Nevada:', 'Boyd', 'Gaming', 'Cadence', 'Crossing', 'Casino', 'Henderson']",2025-04-10,74599287550c6ae0b3ba74f8dc1c1c25
